日付,ポケモン名,食材種数,食材パターン,2枠目,3枠目
2025-11-16,チルット,3,ABC,B,C
2025-11-17,イシズマイ,3,AAB,A,B
2025-11-18,ネイティ,3,ABC,B,C
2025-11-19,タツベイ,3,ABB,B,B
2025-11-20,フシギダネ,3,ABA,B,A
2025-11-20,ナックラー,3,ABB,B,B
2025-11-21,イシズマイ,3,ABC,B,C
2025-11-21,タツベイ,3,ABA,B,A
2025-11-22,フシギダネ,3,ABC,B,C
2025-11-24,タツベイ,3,AAB,A,B
2025-11-24,タツベイ,3,AAC,A,C
2025-11-25,ププリン,3,ABC,B,C
2025-11-26,マダツボミ,3,AAB,A,B
2025-11-28,ミニリュウ,3,ABB,B,B
2025-11-29,アーボ,3,ABC,B,C
2025-11-29,ミニリュウ,3,AAC,A,C
2025-12-02,マダツボミ,3,ABA,B,A
2025-12-03,ヌイコグマ,3,ABC,B,C
2025-12-04,マダツボミ,3,ABB,B,B
2025-12-04,デデンネ,3,ABA,B,A
2025-12-05,クワッス,3,ABC,B,C
2025-12-06,ヌイコグマ,3,AAA,A,A
2025-12-06,フシギダネ,3,ABC,B,C
2025-12-07,クワッス,3,ABC,B,C
2025-12-08,マダツボミ,3,AAC,A,C
2025-12-09,イーブイ,3,AAA,A,A
2025-12-10,ラルトス,3,ABC,B,C
2025-12-11,フシギダネ,3,ABA,B,A
2025-12-12,ラルトス,3,ABC,B,C
2025-12-13,フシギダネ,3,AAA,A,A
2025-12-15,チルット,3,AAB,A,B
2025-12-15,ププリン,3,ABA,B,A
2025-12-16,ヌイコグマ,3,ABA,B,A
2025-12-17,ネイティ,3,AAB,A,B
2025-12-20,ラルトス,3,ABB,B,B
2025-12-22,ラルトス,3,ABC,B,C
2025-12-22,イーブイ,3,AAC,A,C
2025-12-23,ホリデータマザラシ,3,AAC,A,C
2025-12-25,ホリデーイーブイ,3,ABC,B,C
2025-12-25,アルクジラ,3,AAA,A,A
2025-12-26,タマザラシ,3,ABB,B,B
2025-12-26,ホリデーピカチュウ,3,ABC,B,C
2025-12-27,ホリデータマザラシ,3,ABB,B,B
2025-12-28,ヒトカゲ,3,ABC,B,C
2025-12-28,ホリデーピカチュウ,3,ABC,B,C
2025-12-29,ホリデータマザラシ,3,ABB,B,B
2025-12-30,マダツボミ,3,ABB,B,B
2025-12-31,コラッタ,3,AAB,A,B
2026-01-01,ピンプク,3,ABA,B,A
2026-01-02,ピンプク,3,ABA,B,A
2026-01-03,ピンプク,3,AAA,A,A
2026-01-04,ピンプク,3,AAB,A,B
2026-01-05,ピンプク,3,ABB,B,B
2026-01-05,ピンプク,3,ABC,B,C
2026-01-05,ププリン,3,ABA,B,A
2026-01-06,イシズマイ,3,AAB,A,B
2026-01-06,ナックラー,3,AAC,A,C
2026-01-07,バケッチャ,3,ABC,B,C
2026-01-07,バケッチャ,3,AAA,A,A
2026-01-08,タツベイ,3,AAC,A,C
2026-01-09,フシギダネ,3,AAA,A,A
2026-01-09,ナックラー,3,AAC,A,C
2026-01-10,バケッチャ,3,AAA,A,A
2026-01-10,タツベイ,3,ABA,B,A
2026-01-11,ナックラー,3,ABB,B,B
2026-01-11,ピチュー,3,ABC,B,C
2026-01-12,イシツブテ,3,ABB,B,B
2026-01-12,キャタピー,3,ABB,B,B
2026-01-13,マダツボミ,3,ABA,B,A
2026-01-14,フシギダネ,3,ABA,B,A
2026-01-15,ラルトス,3,AAA,A,A
2026-01-15,ラルトス,3,ABA,B,A
2026-01-16,アチャモ,3,ABC,B,C
2026-01-17,アチャモ,3,ABA,B,A
2026-01-18,チルット,3,ABB,B,B
2026-01-19,ラルトス,3,ABA,B,A
2026-01-21,ヨーギラス,3,ABB,B,B
2026-01-22,ツボツボ,3,ABB,B,B
2026-01-22,パルデアウパー,3,ABC,B,C
2026-01-22,コイル,2,ABB,B,B
2026-01-23,バケッチャ,3,AAC,A,C
2026-01-24,コイル,2,ABB,B,B
2026-01-24,ロコン,3,ABC,B,C
2026-01-26,デデンネ,3,AAC,A,C
2026-01-26,ツボツボ,3,AAC,A,C
2026-01-27,フシギダネ,3,AAC,A,C
2026-01-28,アーボ,3,ABC,B,C
2026-01-29,メタモン,3,ABA,B,A
2026-01-30,ラルトス,3,AAA,A,A
2026-01-31,ラルトス,3,ABC,B,C
2026-02-01,マダツボミ,3,ABB,B,B
2026-02-02,ピッピ,3,ABA,B,A
2026-02-02,ネイティ,3,AAC,A,C
2026-02-03,ネイティ,3,AAC,A,C
2026-02-04,ミニリュウ,3,ABC,B,C
2026-02-05,アーボ,3,ABB,B,B
2026-02-05,マダツボミ,3,ABB,B,B
2026-02-07,ラルトス,3,ABB,B,B
2026-02-09,ヤドン,3,ABC,B,C
2026-02-10,アブリー,3,AAC,A,C
2026-02-11,メタモン,3,ABA,B,A
2026-02-11,フシギダネ,3,ABB,B,B
2026-02-11,ヌイコグマ,3,AAC,A,C
2026-02-12,アブリー,3,AAA,A,A
2026-02-13,フシギダネ,3,ABA,B,A
2026-02-13,アブリー,3,AAB,A,B
2026-02-14,アブリー,3,ABB,B,B
2026-02-14,クワッス,3,AAC,A,C
2026-02-15,アブリー,3,AAB,A,B
2026-02-15,チルット,3,ABA,B,A
2026-02-15,フシギダネ,3,ABC,B,C
2026-02-17,ピチュー,3,ABC,B,C
2026-02-18,アゴジムシ,3,AAA,A,A
2026-02-18,ニャオハ,3,ABA,B,A
2026-02-19,アゴジムシ,3,ABC,B,C
2026-02-21,エレズン,3,ABC,B,C
2026-02-22,バケッチャ,3,AAB,A,B
2026-02-22,ゴース,3,ABB,B,B
2026-02-23,ホゲータ,3,ABB,B,B
2026-02-25,ミニリュウ,3,ABB,B,B
2026-02-26,ミニリュウ,3,ABC,B,C
2026-02-27,ミニリュウ,3,ABB,B,B
2026-02-27,ラルトス,3,AAC,A,C
2026-02-27,マダツボミ,3,ABB,B,B
2026-02-28,フシギダネ,3,ABB,B,B
2026-03-01,チコリータ,3,AAA,A,A
2026-03-03,アチャモ,3,ABA,B,A
2026-03-03,ヒノアラシ,3,ABA,B,A
2026-03-04,フシギダネ,3,ABC,B,C
2026-03-04,ゼニガメ,3,AAC,A,C
2026-03-05,ミズゴロウ,3,ABA,B,A
2026-03-05,タマザラシ,3,ABC,B,C
2026-03-06,ゼニガメ,3,ABB,B,B
2026-03-06,ホゲータ,3,ABB,B,B
2026-03-07,ヒトカゲ,3,AAA,A,A
2026-03-08,ゼニガメ,3,ABB,B,B
2026-03-08,アチャモ,3,ABC,B,C
2026-03-09,チコリータ,3,ABA,B,A
2026-03-09,ミズゴロウ,3,ABB,B,B
2026-03-10,ラルトス,3,ABA,B,A
2026-03-10,イーブイ,3,ABA,B,A
2026-03-11,マダツボミ,3,ABB,B,B
2026-03-11,ミニリュウ,3,ABC,B,C
2026-03-12,リオル,3,ABB,B,B
2026-03-13,マダツボミ,3,ABA,B,A
2026-03-14,ニャオハ,3,ABA,B,A
2026-03-15,チルット,3,ABA,B,A
2026-03-15,マダツボミ,3,ABA,B,A
2026-03-16,クワッス,3,ABB,B,B
2026-03-17,ピチュー,3,ABC,B,C
2026-03-17,ドードー,3,AAB,A,B
2026-03-18,ミニリュウ,3,AAC,A,C
2026-03-19,フシギダネ,3,ABB,B,B
2026-03-20,ヌイコグマ,3,ABC,B,C
2026-03-21,ヌイコグマ,3,AAC,A,C
2026-03-22,フシギダネ,3,ABC,B,C
2026-03-24,オンバット,3,AAA,A,A
2026-03-25,チルット,3,AAB,A,B
2026-03-26,ゼニガメ,3,ABC,B,C
2026-03-27,ラルトス,3,ABC,B,C
2026-03-29,イーブイ,3,ABA,B,A
2026-03-30,ラルトス,3,ABB,B,B
2026-03-31,チコリータ,3,ABA,B,A
2026-03-31,ニャオハ,3,AAC,A,C
2026-04-01,ミニリュウ,3,ABB,B,B
2026-04-02,チコリータ,3,ABB,B,B
2026-04-03,ピチュー,3,ABC,B,C
2026-04-04,クワッス,3,ABC,B,C
2026-04-05,ニャオハ,3,AAB,A,B
2026-04-06,クワッス,3,ABA,B,A
2026-04-08,クワッス,3,ABC,B,C
2026-04-08,イーブイ,3,ABC,B,C
2026-04-10,ラティアス,3,AAB,A,B
2026-04-10,ピチュー,3,AAC,A,C
2026-04-11,ラルトス,3,ABC,B,C
2026-04-11,チコリータ,3,AAC,A,C
2026-04-12,ラルトス,3,ABB,B,B
2026-04-12,ラルトス,3,ABB,B,B
2026-04-13,ラルトス,3,AAA,A,A
2026-04-14,キモリ,3,ABB,B,B
2026-04-15,ラルトス,3,AAB,A,B
2026-04-16,ドードー,3,AAC,A,C
2026-04-17,ラティアス,3,ABA,B,A
2026-04-17,ラルトス,3,ABB,B,B
2026-04-17,アブリー,3,ABA,B,A
2026-04-18,ヤドン,3,ABA,B,A
2026-04-19,ラティアス,3,ABC,B,C
2026-04-19,ラルトス,3,ABA,B,A
2026-04-21,ピチュー,3,ABA,B,A
2026-04-22,ラルトス,3,AAA,A,A
2026-04-23,ニャオハ,3,ABA,B,A
2026-04-25,デデンネ,3,ABB,B,B
2026-04-26,ゼニガメ,3,ABC,B,C
2026-04-27,ラルトス,3,AAC,A,C
2026-04-27,イーブイ,3,ABA,B,A
2026-04-28,サンド,3,ABA,B,A
2026-04-28,バケッチャ,3,ABB,B,B
2026-04-28,アチャモ,3,ABB,B,B
2026-04-29,サンド,3,ABA,B,A
2026-04-29,ミカルゲ,3,ABA,B,A
2026-04-30,ミズゴロウ,3,ABB,B,B
2026-05-01,サンド,3,ABB,B,B
2026-05-01,ネイティオ,3,AAB,A,B
2026-05-02,ウッウ,3,ABA,B,A
2026-05-02,サンド,3,AAC,A,C
2026-05-03,アチャモ,3,ABA,B,A
2026-05-04,バケッチャ,3,AAB,A,B
2026-05-04,サンド,3,ABB,B,B
2026-05-05,ココドラ,3,ABC,B,C
2026-05-05,ウパー,3,ABB,B,B
2026-05-06,イシツブテ,3,ABC,B,C
2026-05-06,コイル,2,ABA,B,A
2026-05-07,メリープ,2,ABA,B,A
2026-05-08,ゴース,3,ABB,B,B
2026-05-09,アゴジムシ,3,ABA,B,A
2026-05-10,クワッス,3,ABA,B,A
2026-05-11,ジュプトル,3,ABB,B,B
2026-05-11,ニャオハ,3,ABC,B,C
2026-05-12,チゴラス,3,ABA,B,A
2026-05-12,ドードー,3,ABC,B,C
2026-05-13,チゴラス,3,AAA,A,A
2026-05-13,フシギダネ,3,ABC,B,C
2026-05-14,チゴラス,3,ABC,B,C
2026-05-15,ワニノコ,2,ABB,B,B
2026-05-16,チゴラス,3,ABC,B,C
2026-05-17,ラティアス,3,ABA,B,A
2026-05-18,チゴラス,3,ABB,B,B
2026-05-18,ネイティ,3,ABB,B,B
2026-05-19,バケッチャ,3,AAB,A,B
2026-05-20,ディグダ,3,ABB,B,B
2026-05-21,ピチュー,3,ABA,B,A
2026-05-22,ココドラ,3,AAA,A,A
2026-05-23,アゴジムシ,3,ABB,B,B
2026-05-24,イシツブテ,3,AAC,A,C
2026-05-25,ウパー,3,ABC,B,C
2026-05-26,ピチュー,3,ABB,B,B
2026-05-27,オンバット,3,ABA,B,A
2026-05-28,チゴラス,3,ABB,B,B
2026-05-29,バケッチャ,3,AAB,A,B
2026-05-30,オンバット,3,AAC,A,C
2026-05-31,ミニリュウ,3,AAB,A,B
2026-06-01,タツベイ,3,ABC,B,C
2026-06-02,ココドラ,3,ABC,B,C
2026-06-03,ウパー,3,ABA,B,A
2026-06-05,イーブイ,3,ABB,B,B
2026-06-06,デンリュウ,2,ABA,B,A
2026-06-06,バケッチャ,3,AAC,A,C
2026-06-07,ニャオハ,3,ABB,B,B
2026-06-07,ココドラ,3,AAC,A,C
2026-06-08,ホゲータ,3,ABC,B,C
2026-06-09,ピチュー,3,AAA,A,A
2026-06-09,ラティオス,3,AAB,A,B
2026-06-10,タツベイ,3,ABA,B,A
2026-06-10,タツベイ,3,ABB,B,B
2026-06-11,タツベイ,3,ABB,B,B
2026-06-12,タツベイ,3,ABC,B,C
2026-06-13,ミニリュウ,3,ABC,B,C
2026-06-14,ピカチュウ,3,ABC,B,C
2026-06-15,ラティオス,3,AAB,A,B
2026-06-15,ミニリュウ,3,ABA,B,A
2026-06-16,ラティオス,3,AAB,A,B
2026-06-16,パモ,3,ABB,B,B
2026-06-17,ゼニガメ,3,ABC,B,C
2026-06-18,ウパー（パルデア）,3,ABC,B,C
2026-06-19,タツベイ,3,ABA,B,A
2026-06-20,ラティオス,3,AAC,A,C
2026-06-20,タツベイ,3,ABA,B,A
2026-06-21,マダツボミ,3,ABB,B,B
2026-06-22,イシツブテ,3,ABB,B,B
2026-06-24,ココドラ,3,ABB,B,B
2026-06-25,クワッス,3,AAA,A,A
2026-06-26,パモ,3,ABB,B,B
2026-06-27,バケッチャ,3,AAB,A,B
2026-06-28,サンダース,3,ABB,B,B
2026-06-28,バケッチャ,3,ABB,B,B
2026-06-29,パモ,3,AAC,A,C
2026-06-30,コリンク,3,AAA,A,A
2026-07-01,パモット,3,ABB,B,B
2026-07-02,フワンテ,3,AAA,A,A
2026-07-03,バケッチャ,3,ABA,B,A
2026-07-04,パモ,3,ABC,B,C
2026-07-05,ココドラ,3,ABC,B,C
2026-07-05,ピチュー,3,AAC,A,C
2026-07-06,アゴジムシ,3,ABB,B,B
2026-07-07,ヒトカゲ,3,ABB,B,B
2026-07-08,ミズゴロウ,3,ABB,B,B
2026-07-09,ヒトカゲ,3,ABA,B,A
2026-07-10,ミズゴロウ,3,ABB,B,B
2026-07-11,ミズゴロウ,3,ABC,B,C
2026-07-12,ミズゴロウ,3,ABA,B,A
2026-07-13,ミズゴロウ,3,AAA,A,A
2026-07-13,ディグダ,3,ABC,B,C
2026-07-14,ポッチャマ,3,AAB,A,B
2026-07-14,ヒコザル,3,AAB,A,B
2026-07-15,タマザラシ,3,ABC,B,C
2026-07-15,タマザラシ,3,ABB,B,B
2026-07-15,ポッチャマ,3,ABA,B,A
2026-07-16,ゴクリン,3,ABB,B,B
2026-07-16,ポッチャマ,3,ABC,B,C
2026-07-17,ポッチャマ,3,ABC,B,C
2026-07-18,ポッチャマ,3,ABB,B,B
2026-07-18,ポッチャマ,3,AAC,A,C
2026-07-19,ポッチャマ,3,ABC,B,C
2026-07-20,ポッチャマ,3,AAA,A,A
2026-07-20,ポッチャマ,3,ABC,B,C
2026-07-21,ポッチャマ,3,ABB,B,B
2026-07-21,ポッチャマ,3,ABC,B,C
2026-07-21,ポッチャマ,3,ABC,B,C
2026-07-22,ポッチャマ,3,ABA,B,A
2026-07-22,ポッチャマ,3,ABB,B,B
2026-07-23,ポッチャマ,3,ABC,B,C
2026-07-23,ポッチャマ,3,AAA,A,A
2026-07-24,ポッチャマ,3,ABB,B,B
2026-07-24,ポッチャマ,3,ABC,B,C
2026-07-25,ポッチャマ,3,ABC,B,C
2026-07-27,ポッチャマ,3,ABB,B,B
2026-07-28,ムンナ,3,ABB,B,B
2026-07-29,メタモン,3,ABC,B,C
2026-07-30,ピィ,3,AAB,A,B
2026-07-31,ナエトル,3,AAA,A,A
2026-08-02,ヌイコグマ,3,AAC,A,C
2026-08-03,ソーナノ,3,ABA,B,A
2026-08-04,ミニリュウ,3,ABC,B,C
2026-08-05,クワッス,3,AAA,A,A
2026-08-05,ヌイコグマ,3,ABB,B,B
2026-08-06,ミニリュウ,3,ABC,B,C
2026-08-07,ラルトス,3,ABA,B,A
2026-08-07,ネイティ,3,ABB,B,B
2026-08-09,ニャオハ,3,ABA,B,A
2026-08-10,クワッス,3,AAA,A,A
2026-08-11,ホゲータ,3,ABB,B,B
2026-08-12,ウパー,3,ABA,B,A
2026-08-13,ワニノコ,2,AAB,A,B
2026-08-14,ウパー,3,ABC,B,C
2026-08-15,ワシボン,3,ABA,B,A
2026-08-16,カイロス,3,ABB,B,B
2026-08-17,ゼニガメ,3,AAA,A,A
2026-08-18,カヌチャン,3,ABA,B,A
2026-08-19,カヌチャン,3,ABB,B,B
2026-08-20,ココドラ,3,ABC,B,C
2026-08-20,カヌチャン,3,ABB,B,B
2026-08-21,カヌチャン,3,ABB,B,B
2026-08-21,カゲボウズ,3,ABC,B,C
2026-08-22,カヌチャン,3,AAA,A,A
2026-08-22,キャプテンピカチュウ,3,ABA,B,A
2026-08-22,バケッチャ,3,AAB,A,B
2026-08-23,カヌチャン,3,ABC,B,C
2026-08-24,カヌチャン,3,ABB,B,B
2026-08-24,カヌチャン,3,ABA,B,A
2026-08-25,イシズマイ,3,ABB,B,B
2026-08-26,ネイティ,3,ABC,B,C
2026-08-27,タツベイ,3,ABA,B,A
2026-08-28,ヒコザル,3,ABC,B,C
2026-08-29,ヒコザル,3,ABB,B,B
2026-08-30,ヒコザル,3,AAB,A,B
2026-08-31,オンバット,3,AAB,A,B
2026-09-01,ラルトス,3,ABC,B,C
2026-09-04,ネイティ,3,ABA,B,A
2026-09-05,ネイティ,3,ABC,B,C
2026-09-05,マダツボミ,3,ABC,B,C
